event_id,event_date,generated_on,announced_main_on,announced_full_on,completed,main_fight_id,event_kind,location,theme_country,notes_json
1,2026-01-17,2026-01-01,2026-01-01,2026-01-01,0,1.0,NUMBERED,New York,,"[""üìç UFC 301: New York"", ""üì£ –ê–Ω–æ–Ω—Å –º–µ–π–Ω-–∏–≤–µ–Ω—Ç–∞ (Featherweight): –Ø–∏—Ä –†–æ–¥—Ä–∏–≥–µ–∑ vs –ú–∞–∫—Å –•–æ–ª–ª–æ—É—ç–π"", ""üìå –ü–æ–ª–Ω—ã–π –∫–∞—Ä–¥ —Å—Ñ–æ—Ä–º–∏—Ä–æ–≤–∞–Ω.""]"
2,2026-01-24,2026-01-01,2026-01-01,2026-01-01,0,17.0,FIGHT_NIGHT,Las Vegas,,"[""üìç UFC Fight Night: Las Vegas"", ""üì£ –ê–Ω–æ–Ω—Å –º–µ–π–Ω-–∏–≤–µ–Ω—Ç–∞ (Featherweight): –î—ç–Ω –ò–≥–µ vs –ì–∏–≥–∞ –ß–∏–∫–∞–¥–∑–µ"", ""üìå –ü–æ–ª–Ω—ã–π –∫–∞—Ä–¥ —Å—Ñ–æ—Ä–º–∏—Ä–æ–≤–∞–Ω.""]"
3,2026-02-07,,2026-01-01,,0,33.0,COUNTRY,London,–ò—Å–ø–∞–Ω–∏—è,"[""üìç UFC Fight Night: London (–ò—Å–ø–∞–Ω–∏—è special)"", ""üèÜ –ê–Ω–æ–Ω—Å —Ç–∏—Ç—É–ª—å–Ω–æ–≥–æ –±–æ—è (Featherweight): –ê–ª–µ–∫—Å–∞–Ω–¥—Ä –í–æ–ª–∫–∞–Ω–æ–≤—Å–∫–∏ vs –î—ç–≤–∏–¥ –û–Ω–∞–º–∞""]"
4,2026-03-07,,,,0,,NUMBERED,New York,,[]
5,2026-03-14,,,,0,,COUNTRY,London,–†–æ—Å—Å–∏—è,[]
6,2026-03-21,,,,0,,FIGHT_NIGHT,Las Vegas,,[]
7,2026-01-10,2026-01-01,2026-01-01,2026-01-01,0,34.0,NUMBERED,Las Vegas,,"[""üìç UFC 307: Las Vegas"", ""üì£ –ê–Ω–æ–Ω—Å –º–µ–π–Ω-–∏–≤–µ–Ω—Ç–∞ (Lightweight): –†–µ–Ω–∞—Ç–æ –ú–æ–π–∫–∞–Ω–æ vs –î—ç–Ω –•—É–∫–µ—Ä"", ""üìå –ü–æ–ª–Ω—ã–π –∫–∞—Ä–¥ —Å—Ñ–æ—Ä–º–∏—Ä–æ–≤–∞–Ω.""]"
8,2026-02-21,,2026-01-01,,0,50.0,FIGHT_NIGHT,London,,"[""üìç UFC Fight Night: London"", ""üèÜ –ê–Ω–æ–Ω—Å —Ç–∏—Ç—É–ª—å–Ω–æ–≥–æ –±–æ—è (Flyweight): –ö–∞–π –ö–∞—Ä–∞ –§—Ä—ç–Ω—Å vs –¢–∏–º –≠–ª–ª–∏–æ—Ç""]"
9,2026-02-14,,2026-01-01,,0,51.0,NUMBERED,Paris,,"[""üìç UFC 309: Paris"", ""üèÜ –ê–Ω–æ–Ω—Å —Ç–∏—Ç—É–ª—å–Ω–æ–≥–æ –±–æ—è (Bantamweight): –ü–µ—Ç—Ä –Ø–Ω vs –ú–æ–Ω—Ç–µ–ª –î–∂–µ–∫—Å–æ–Ω""]"
10,2026-02-28,,,,0,,FIGHT_NIGHT,Las Vegas,,[]
11,2026-01-03,2026-01-01,2026-01-01,2026-01-01,0,,FIGHT_NIGHT,Apex,,"[""üìç UFC Fight Night: Apex"", ""üìå –ü–æ–ª–Ω—ã–π –∫–∞—Ä–¥ —Å—Ñ–æ—Ä–º–∏—Ä–æ–≤–∞–Ω.""]"
12,2026-01-31,,2026-01-01,,0,66.0,NUMBERED,Apex,,"[""üìç UFC 312: Apex"", ""üèÜ –ê–Ω–æ–Ω—Å —Ç–∏—Ç—É–ª—å–Ω–æ–≥–æ –±–æ—è (Lightweight): –ò–ª–∏—è –¢–æ–ø—É—Ä–∏—è vs –ú–∞–π–∫–ª –ß–µ–Ω–¥–ª–µ—Ä""]"
